What is water explain?,,,
,What is water in simple words?,,
,What is water in simple words?,,
,,What Colour is water?,
,,,Is clear a color?
,,,What color is rain?
,,,Does water go bad?
,,What is water example?,
,,,What are 10 uses of water?
,,,What are the types of water?
,,,What are the three types of water?
,What are 5 facts about water?,,
,,How much water is in our body?,
,,,Does drinking water clear skin?
,,,Why is it good to drink water?
,,,What is the largest organ in the human body?
,,How long can a person live without water?,
,,,What happens if you never drink water?
,,,Should you give a dying person water?
,,,What does end of life look like?
,What is water and its importance?,,
,,What are the 6 functions of water?,
,,,What are 3 reasons why water is important?
,,,Is water good for your skin?
,,,What are the types of water?
,,What are the 5 uses of water?,
,,,What are 10 uses of water?
,,,What are the 15 uses of water?
,,,What are the uses of water in our life?
,What is the water made of?,,
,,Why is it called water?,
,,,Why is water so special?
,,,Who named water?
,,Can water be made by man?,
,,,Do we drink poop water?
,,,Can we create water?
,,,Will we ever run out of water?